United States,New York City
United States,Los Angeles
United States,Chicago
United States,Houston
United States,San Jose
United States,Philadelphia
United States,San Francisco
United States,Washington
United States,
Japan,Tokyo
Japan,Kyoto
Japan,Osaka
Japan,Sapporo
China,Shanghai
China,Beijing
China,Tianjin
China,Guangzhou
India,Mumbai
India,Delhi
India,Bengaluru
India,Kolkata
India,Chennai
Brazil,Sao Paulo
Brazil,Fortaleza
Brazil,Belo Horizonte
Brazil,Brasilia
France,Paris
France,Lyon
France,Toulouse
France,Nice
France,Nantes
Germany,Berlin
Germany,Hamburg
Germany,Munich
Germany,Koeln
Germany,Frankfurt am Main
Mexico,Mexico City
Mexico,Iztapalapa
Mexico,Ecatepec de Morelos
Mexico,Guadalajara
Mexico,Puebla
South Korea,Seoul
South Korea,Busan
South Korea,Incheon
South Korea,Daegu
Italy,Rome
Italy,Milan
Italy,Naples
Italy,Turin