Barry's Gourmet Brownies,5772
AdvancePierre Foods,1947
Diamond Crystal Brands Inc.,1921
Bolthouse Farms Inc.,1842
Kellogg Co.,1824
Land Mark Products Inc.,1639
Tyson Convenience,1581
Insight Beverages,1558
Ovention Inc.,1201
CB Distributors Inc.,1174
Seda International Packaging Group – North America,929
Anastasia Confections Inc.,890
Lil' Drug Store Products,823
Ferrero USA Inc.,799
Sunny Sky Products,794
Swisher International Inc.,770
Johnsonville LLC,762
E.A. Sween Company,697
GlaxoSmithKline,696
NJOY E-Cigs & Vaping,682
DIAGEO-Guinness USA,672
Hatco Corp.,643
Boston Beer Company,641
The Kraft Heinz Co.,635
American Licorice Co.,607
Manitowoc Foodservice,585
Nestlé USA,577
BIC USA Inc.,546
The Hershey Company,529
Pabst Brewing Co.,523
PriceAdvantage,520
National Tobacco Co.,507
Krispy Krunchy Foods LLC,497
Blount Fine Foods Corp.,474
MARS Chocolate North America,457
FBD Partnership LP,436
Del Monte Fresh Produce,425
United Fast Food,396
f'real foods,392
Ruiz Foods Inc.,381
McKee Foods,378
Cocoa,356
General Mills Inc.,345
Danone North America,319
Flix Candy,296
Tillamook Country Smoker,269
Perfetti Van Melle,228
Promotion In Motion Companies Inc.,215
Gojo Industries Inc.,211
McLane Company Inc.,178
Alto-Shaam Inc.,166
Flowers Foods Snack Group/Mrs. Freshley's,154
Tantus Tobacco,154
Arcobasso Foods,52
Jack Link's,45
